Fecha,Foto,Area,%Por,LAI4,LAI5,%Cob,Longitud,Latitud,Poligono,EVI_20160913,GNDVI_20160913,NDRE_20160913,NDVI_20160913,SAVI_20160913,EVI_20161222,GNDVI_20161222,NDRE_20161222,NDVI_20161222,SAVI_20161222,EVI_20170814,GNDVI_20170814,NDRE_20170814,NDVI_20170814,SAVI_20170814,LAI4_outlier_zscore,LAI4_outlier_iqr,LAI5_outlier_zscore,LAI5_outlier_iqr,%Cob_outlier_zscore,%Cob_outlier_iqr,outlier_isoforest,outlier_lof,outlier_dbscan,outlier_ocsvm,n_metodos,outlier_consenso
9/18/2016,3086,99.88,39.71,1.15,0.94,60.29,-73.3162215774521,3.8005372849231,5,0.5502094,0.44391376,0.31335402,0.47965866,0.4089599,0.23568653,0.30098447,0.15307714,0.23177852,0.19030528,0.3884245,0.38381717,0.27763233,0.35465956,0.3054132,,,,,,,True,False,True,True,3,True
9/18/2016,3087,99.89,13.54,3.35,2.63,86.46,-73.31558986133467,3.803307298470864,5,0.6597323,0.53196967,0.44338125,0.5899514,0.48797905,0.5564926,0.48127416,0.3808971,0.5180284,0.41935354,0.6321903,0.5057696,0.41545698,0.56362253,0.45878434,,,,,,,False,False,False,False,0,False
9/18/2016,3088,99.89,5.57,4.16,3.43,94.43,-73.31457626899311,3.800800511222601,5,0.65532595,0.49414867,0.3749779,0.5543062,0.47457442,0.40209058,0.40524915,0.26426423,0.3917372,0.31746128,0.5053486,0.45356405,0.31821302,0.45626402,0.37820548,,,,,,,False,False,False,False,0,False
9/18/2016,3089,99.89,44.77,0.86,0.77,55.23,-73.31896072611927,3.80257899716689,5,0.57433605,0.48227093,0.36957258,0.51483,0.4359897,0.39702,0.40037006,0.28692263,0.39950496,0.30323085,0.65364885,0.5260484,0.42297965,0.5643721,0.46950004,,,,,,,False,False,False,True,1,False
9/18/2016,3090,99.89,14.17,2.97,2.26,85.83,-73.31615350285696,3.802747258921484,5,0.6040811,0.5027833,0.39286128,0.549999,0.4558395,0.5417501,0.4744113,0.3497403,0.5035252,0.40980345,0.4698618,0.41562855,0.30911076,0.43497995,0.3549261,,,,,,,False,True,True,False,2,True
9/18/2016,3091,99.89,9.87,3.09,2.61,90.13,-73.31894899168505,3.802935659667872,5,0.594607,0.49083942,0.37378976,0.53172076,0.4481042,0.43298018,0.41443443,0.30193785,0.4151873,0.33698228,0.6326245,0.50767094,0.40387592,0.55193037,0.4543311,,,,,,,False,False,False,False,0,False
9/18/2016,3092,99.91,14.31,3.07,2.29,85.69,-73.31513843635788,3.80339842914642,5,0.6220415,0.52060354,0.42395085,0.5677101,0.46123388,0.5417399,0.47869226,0.3771685,0.5117072,0.41122973,0.6409088,0.5099419,0.41916642,0.56862646,0.4641853,,,,,,,False,False,False,False,0,False
9/18/2016,3093,99.89,23.83,1.91,1.54,76.17,-73.31415292971421,3.801861676886032,5,0.58345,0.4752021,0.375295,0.5113155,0.44012842,0.40319046,0.40553734,0.2877711,0.38490692,0.31605688,0.5124661,0.45771387,0.34860012,0.45395938,0.38381213,,,,,,,False,False,False,False,0,False
9/18/2016,3094,99.88,24.82,2.1,1.61,75.18,-73.31486714984085,3.802997123609898,5,0.44336456,0.41440147,0.2949015,0.4180139,0.3452907,0.41696414,0.413369,0.3059676,0.39200476,0.32567415,0.50869733,0.46413994,0.35000774,0.46389228,0.38428333,,,,,,,True,True,False,True,3,True
9/18/2016,3095,99.87,50.79,0.88,0.72,49.21,-73.3151299152087,3.8035327131208185,5,0.64186114,0.5257375,0.43239054,0.5768348,0.471626,0.55053383,0.48444825,0.38657954,0.5158792,0.41667473,0.6629262,0.5192554,0.43363944,0.579019,0.4756216,,,,,,,False,False,False,False,0,False
9/18/2016,3096,99.88,7.09,3.89,3.13,92.91,-73.31791987143656,3.802777433976785,5,0.5851446,0.48535356,0.36286983,0.5181064,0.43807566,0.46487123,0.43380922,0.30833447,0.4390864,0.35075194,0.63609076,0.5184992,0.41693693,0.55566794,0.45932576,,,,,,,False,False,False,False,0,False
9/18/2016,3097,99.9,19.03,2.24,1.79,80.97,-73.31498490578063,3.803060004561432,5,0.4971259,0.45441955,0.34459603,0.45994395,0.37769943,0.5118833,0.46392393,0.3503189,0.4783518,0.38961053,0.57060295,0.47894472,0.3734309,0.5115456,0.41771385,,,,,,,True,True,True,True,4,True
9/18/2016,3098,99.91,21.16,2.22,1.73,78.84,-73.31477463254649,3.8028850209783465,5,0.5155203,0.4516758,0.3250314,0.46662155,0.38950455,0.39765242,0.40663975,0.28046754,0.38294068,0.31227627,0.5724848,0.49191678,0.37058836,0.51276654,0.4212001,,,,,,,False,False,False,False,0,False
9/18/2016,3099,99.88,14.34,2.71,2.27,85.66,-73.31579751214116,3.8006257535890273,5,0.5425718,0.45777702,0.3188647,0.48057312,0.40607303,0.34160542,0.36170146,0.21189688,0.3343081,0.26778635,0.5498513,0.47050855,0.3370273,0.49150154,0.40631366,,,,,,,False,False,False,False,0,False
9/18/2016,3100,99.88,13.92,2.84,2.44,86.08,-73.31624593851856,3.801981701407673,5,0.5857413,0.47236893,0.3594568,0.5081539,0.43081257,0.38043654,0.39363888,0.25603807,0.36470523,0.29922673,0.54693794,0.47285944,0.33961353,0.48702893,0.40078968,,,,,,,False,False,False,False,0,False
9/18/2016,3101,99.9,45.88,0.98,0.84,54.12,-73.3161655393691,3.8030200975410047,5,0.6806416,0.54333675,0.45419842,0.60673296,0.5035721,0.5230065,0.47250676,0.35633126,0.49706653,0.3977744,0.65651023,0.51024437,0.42066273,0.5681887,0.4645915,,,,,,,False,False,False,False,0,False
9/18/2016,3102,99.89,20.76,2.18,1.83,79.24,-73.3192699256746,3.803530141606332,5,0.7024001,0.5436611,0.4446126,0.6151946,0.5165101,0.48932657,0.4536332,0.32549736,0.46358967,0.373709,0.63410765,0.5037688,0.40503046,0.56239885,0.45579946,,,,,,,False,False,False,False,0,False
9/18/2016,3103,99.89,7.57,3.75,2.97,92.43,-73.31932028460983,3.802043857823816,5,0.544595,0.45363337,0.329691,0.48503682,0.41108024,0.3399738,0.36872658,0.22508554,0.33380523,0.27109528,0.53149563,0.4659821,0.3293156,0.486823,0.39906648,,,,,,,False,False,False,False,0,False
9/18/2016,3104,99.9,17.03,2.29,1.95,82.97,-73.31675846650835,3.803340940302038,5,0.66925484,0.53997284,0.4514705,0.59755164,0.49398297,0.5273598,0.4816391,0.36117193,0.4981966,0.40160638,0.6762064,0.53267235,0.44822267,0.58823425,0.48502323,,,,,,,False,False,False,False,0,False
9/18/2016,3105,99.9,16.3,2.33,1.95,83.7,-73.3148973701069,3.803729376537474,5,0.6065028,0.5061049,0.40320316,0.55136174,0.4504962,0.55087316,0.48221123,0.37460127,0.51557624,0.41577953,0.651165,0.5159566,0.42499936,0.57051736,0.46901548,,,,,,,False,False,False,False,0,False
9/18/2016,3106,99.89,15.69,2.34,2.01,84.31,-73.31467919771963,3.801768519748164,5,0.6059398,0.4842066,0.37918693,0.5311602,0.45229387,0.39152446,0.3984872,0.28001302,0.3831837,0.30730563,0.540998,0.47058743,0.36950266,0.48498064,0.4021231,,,,,,,False,False,False,False,0,False
9/18/2016,3107,99.9,22.7,2.1,1.64,77.3,-73.31611734729854,3.80211261612699,5,0.50545037,0.4453447,0.33443087,0.46266127,0.3880775,0.37659448,0.38613093,0.2551515,0.359806,0.29546753,0.5052956,0.44512537,0.33559027,0.45754477,0.3764441,,,,,,,False,False,False,False,0,False
9/18/2016,3108,99.91,22.13,2.08,1.65,77.87,-73.31443066308749,3.802381333558434,5,0.60323477,0.4870669,0.36991063,0.53317183,0.45116872,0.5080866,0.45883903,0.33181337,0.47084486,0.38433468,0.5891932,0.50082785,0.37686667,0.52303976,0.4342925,,,,,,,False,False,False,False,0,False
9/18/2016,3109,99.89,22.77,2.16,1.71,77.23,-73.316729704746,3.801547763778764,5,0.5619465,0.4588079,0.33342937,0.49480435,0.4169099,0.33153626,0.35618052,0.22400714,0.32039443,0.26467338,0.46652666,0.4393699,0.30169025,0.43177876,0.3567888,,,,,,,False,False,False,False,0,False
9/18/2016,3110,99.9,45.9,0.85,0.75,54.1,-73.31657856679767,3.804247187060122,5,0.70247084,0.5423991,0.45011395,0.61230874,0.5095918,0.52710295,0.46748716,0.35336122,0.48940513,0.40088657,0.63587016,0.50340974,0.40190962,0.56035304,0.4552914,,,,,,,False,False,False,False,0,False
9/18/2016,3111,99.89,16.92,2.51,2.09,83.08,-73.31778404219563,3.80136320275284,5,0.49494553,0.43464187,0.2820481,0.44440773,0.37469596,0.27339885,0.3193636,0.16578357,0.2702604,0.22124724,0.4702097,0.41974816,0.27730086,0.42993766,0.35460362,,,,,,,True,True,True,True,4,True
9/18/2016,3112,99.89,13.49,2.85,2.39,86.51,-73.31967019517177,3.803097945899341,5,0.6852163,0.54412854,0.42985538,0.6013279,0.50187916,0.607543,0.5045081,0.39758143,0.5427025,0.45068237,0.65268064,0.51560587,0.41408178,0.5712051,0.46861747,,,,,,,False,False,False,False,0,False
9/18/2016,3113,99.89,14.94,2.52,2.13,85.06,-73.31522787693314,3.80222537410156,5,0.52851856,0.45023167,0.3346235,0.47265545,0.3978231,0.40116838,0.39888275,0.26553258,0.3807316,0.3087798,0.5042363,0.4456013,0.33172008,0.45981294,0.37775794,,,,,,,False,False,False,False,0,False
9/18/2016,3114,99.89,7.05,3.85,3.05,92.95,-73.32030922603046,3.803494416108233,5,0.7091297,0.556729,0.44576597,0.6144413,0.51922274,0.5088668,0.46765554,0.3128589,0.47652832,0.38641322,0.652727,0.5223265,0.40292016,0.57370067,0.46857318,,,,,,,False,False,False,False,0,False
9/18/2016,3115,99.88,49.69,0.78,0.68,50.31,-73.31594633015594,3.8027133774180313,5,0.54429823,0.46815905,0.35784692,0.49999914,0.4125079,0.70104235,0.5269453,0.4122161,0.58163965,0.4992472,0.4946551,0.43789437,0.3234,0.44953418,0.3695297,,,,,,,True,True,True,True,4,True
9/18/2016,3116,99.89,19.76,2.16,1.74,80.24,-73.31864704871452,3.803155394843609,5,0.6003191,0.49016914,0.37030736,0.5452651,0.4476324,0.5745459,0.4905186,0.36602262,0.5208605,0.4324221,0.58316004,0.46905562,0.36610427,0.52234006,0.42624047,,,,,,,False,True,False,False,1,False
9/18/2016,3117,99.89,18.56,2.44,2.0,81.44,-73.31965780720404,3.802278953065514,5,0.60769963,0.488058,0.37597826,0.53336406,0.45466277,0.33549958,0.371449,0.2482789,0.33070806,0.26742414,0.55133957,0.47292814,0.36853608,0.49215186,0.41169152,,,,,,,False,False,False,False,0,False
9/18/2016,3118,99.9,9.54,3.14,2.63,90.46,-73.31468254809789,3.801550515742477,5,0.5863313,0.47316092,0.35977605,0.50993717,0.43330416,0.35290024,0.3746992,0.25900042,0.35173354,0.2826232,0.5168548,0.4647309,0.35598457,0.46844786,0.388002,,,,,,,False,False,False,False,0,False
9/18/2016,3119,99.87,25.63,1.9,1.5,74.37,-73.3184412191287,3.803146841513969,5,0.5584693,0.4705485,0.36073738,0.5046546,0.41787216,0.5117108,0.44854233,0.34837133,0.4685784,0.38658527,0.6128605,0.49650982,0.3884474,0.5408333,0.4412982,,,,,,,False,False,False,False,0,False
12/21/2016,3261,99.89,56.86,0.58,0.55,43.14,-73.31641983632936,3.801080622096524,5,0.61275905,0.4753051,0.35099012,0.5229178,0.4478687,0.30849138,0.34266186,0.19913222,0.30915567,0.24964605,0.48126897,0.44438615,0.2991077,0.4386801,0.36102834,,,,,,True,False,False,False,False,0,False
12/21/2016,3262,99.9,19.36,2.49,1.96,80.64,-73.31542035517616,3.8027236156353,5,0.5187232,0.44898218,0.33722505,0.47027662,0.39347333,0.3891985,0.3934652,0.27460748,0.37708303,0.30752268,0.5361518,0.473474,0.3580994,0.48083895,0.40081736,,,,,,,False,False,False,False,0,False
12/21/2016,3263,99.89,63.55,0.39,0.39,36.45,-73.31531544925434,3.8026852532047575,5,0.5722142,0.47429228,0.3529677,0.5099547,0.42728278,0.4231199,0.41350135,0.29320177,0.40879554,0.33358574,0.54494417,0.4861758,0.3680009,0.49855438,0.4121146,,,,,True,True,False,False,False,False,0,False
12/21/2016,3264,99.89,28.35,1.73,1.44,71.65,-73.31982639639787,3.802496686664408,5,0.60655046,0.49690902,0.3756717,0.53436726,0.45479214,0.46699116,0.43475097,0.3015134,0.4401131,0.35674718,0.6835692,0.53345996,0.42887306,0.58393586,0.4892371,,,,,,,False,False,False,False,0,False
12/21/2016,3265,99.89,30.53,1.58,1.31,69.47,-73.31539871982353,3.800976706308073,5,0.5428181,0.45036632,0.32537255,0.48520923,0.4077054,0.3695412,0.3928183,0.26024985,0.36539403,0.29888344,0.5279833,0.47047028,0.3480979,0.47364846,0.39517903,,,,,,,False,False,False,False,0,False
12/21/2016,3266,99.89,29.67,1.53,1.32,70.33,-73.31729008484815,3.802767925411351,5,0.48545825,0.45232898,0.3322505,0.47345367,0.38021553,0.31858003,0.35386804,0.23964071,0.31951335,0.2585319,0.39024732,0.39890224,0.27232018,0.38813737,0.30735853,,,,,,,True,False,True,False,2,True
12/21/2016,3267,99.9,35.2,1.37,1.12,64.8,-73.3176295220184,3.801331228016013,5,0.50816596,0.42775053,0.27863982,0.45371795,0.38224068,0.25060388,0.31026965,0.16067605,0.24948406,0.20529246,0.41888487,0.39538044,0.25617662,0.38886902,0.319193,,,,,,,True,True,False,False,2,True
12/21/2016,3268,99.9,54.95,0.78,0.65,45.05,-73.31687338397485,3.803533560173882,5,0.69408405,0.5532856,0.4652851,0.6119195,0.5114228,0.52002895,0.4679617,0.34624887,0.4934984,0.3950781,0.6626666,0.53296524,0.44334364,0.582356,0.47864297,,,,,,True,False,False,False,False,0,False
12/21/2016,3269,99.89,70.4,0.33,0.3,29.6,-73.31753212509692,3.8026309408257424,5,0.534813,0.4671857,0.3252627,0.48944506,0.40973508,0.4209642,0.40725803,0.2674759,0.4018888,0.32284677,0.5593126,0.4850128,0.3518457,0.5011181,0.41202343,,,,,True,True,False,False,False,False,0,False
12/21/2016,3270,99.9,26.74,1.93,1.56,73.26,-73.31818317528788,3.802931592070806,5,0.5597381,0.47547334,0.35524696,0.5100393,0.42438963,0.44506305,0.42949796,0.31538615,0.42924026,0.34599212,0.62084293,0.5141989,0.41604197,0.5536501,0.4560447,,,,,,,False,False,False,False,0,False
12/21/2016,3271,99.9,28.7,1.63,1.35,71.3,-73.31992182888061,3.803113489678392,5,0.761918,0.57942337,0.47505376,0.6435513,0.55667746,0.6643953,0.53092694,0.42598253,0.5755958,0.4808001,0.693338,0.5392006,0.43137974,0.5920388,0.49446702,,,,,,,True,True,False,True,3,True
12/21/2016,3272,99.89,30.57,1.53,1.29,69.43,-73.31478811709336,3.800732156618848,5,0.47350228,0.41697827,0.28405136,0.43450937,0.36369646,0.2925242,0.33135486,0.19070044,0.29136637,0.23509733,0.4109538,0.40844056,0.27012485,0.38583657,0.3225584,,,,,,,True,False,False,False,1,False
12/21/2016,3273,99.9,31.16,1.36,1.22,68.84,-73.31883465775255,3.803274477220723,5,0.77010465,0.5712399,0.46311775,0.64102465,0.5536923,0.6705134,0.5281725,0.4251216,0.5744808,0.4875499,0.69249284,0.52793163,0.42162925,0.5891399,0.49241808,,,,,,,True,True,False,True,3,True
12/21/2016,3274,99.89,36.81,1.27,1.17,63.19,-73.31730708359044,3.803766013916484,5,0.67055905,0.54199386,0.44643134,0.5970088,0.49360487,0.52770454,0.47921294,0.34498382,0.49586543,0.40396664,0.63155353,0.5128153,0.4177672,0.56131643,0.4580804,,,,,,,False,False,False,False,0,False
12/21/2016,3275,99.9,53.38,0.92,0.58,46.62,-73.31512751497576,3.801240316737165,5,0.57208943,0.4683932,0.34754887,0.5067256,0.42932227,0.35463595,0.3760773,0.24309292,0.35424292,0.2826554,0.56969684,0.48506886,0.36206415,0.5037787,0.4185056,,,,,,True,False,False,False,False,0,False
12/21/2016,3276,99.9,52.43,0.74,0.65,47.57,-73.3197529857705,3.802263166358,5,0.6173688,0.48882693,0.37171006,0.53680795,0.45733646,0.35010234,0.37251955,0.24379115,0.3436426,0.27729958,0.5829931,0.47813377,0.3699367,0.508563,0.42597175,,,,,,True,False,False,False,False,0,False
12/21/2016,3277,99.9,24.23,1.99,1.58,75.77,-73.31762665336863,3.8024160722433296,5,0.51348865,0.43749928,0.31850165,0.4588989,0.38717055,0.33976528,0.3679993,0.2386328,0.33404192,0.27120453,0.49388963,0.44704184,0.33075017,0.45178464,0.37113512,,,,,,,False,False,False,False,0,False
12/21/2016,3278,99.88,24.65,1.89,1.51,75.35,-73.31563800187985,3.80329312325364,5,0.6597323,0.53196967,0.44338125,0.5899514,0.48797905,0.5564926,0.48127416,0.3808971,0.5180284,0.41935354,0.6321903,0.5057696,0.41545698,0.56362253,0.45878434,,,,,,,False,False,False,False,0,False
12/21/2016,3279,99.89,26.61,1.79,1.42,73.39,-73.31397748323867,3.800849303062404,5,0.635492,0.48068208,0.35786825,0.54186726,0.46406955,0.2474989,0.30787528,0.14805697,0.25496134,0.20039977,0.44200683,0.41335976,0.2710946,0.40668172,0.33720133,,,,,,,True,True,True,True,4,True
12/21/2016,3280,99.9,38.19,1.32,1.09,61.81,-73.31776307636567,3.801873187540273,5,0.6167172,0.49277508,0.37210214,0.5357361,0.45624855,0.41547787,0.40687603,0.26951507,0.39241335,0.3186443,0.5637616,0.47577882,0.36303163,0.49713814,0.41266954,,,,,,,False,False,False,False,0,False
12/21/2016,3281,99.9,45.56,1.0,0.88,54.44,-73.31477485624062,3.801487894090145,5,0.6608628,0.4983745,0.3866679,0.5606145,0.4827113,0.34567407,0.36226347,0.23972398,0.33951697,0.27024168,0.51934683,0.4616412,0.34976202,0.47079659,0.38983652,,,,,,,False,False,False,True,1,False
12/21/2016,3282,99.89,49.3,0.89,0.7,50.7,-73.31914578673604,3.8023378154776784,5,0.63481385,0.49528006,0.37320217,0.5457444,0.46262166,0.3859912,0.3865705,0.25149837,0.38546965,0.2976146,0.6284212,0.51412344,0.39985344,0.5509778,0.4551878,,,,,,,False,False,False,False,0,False
12/21/2016,3283,99.88,31.88,1.52,1.26,68.12,-73.31763769997674,3.8016149369659904,5,0.5314756,0.45578584,0.34240472,0.4731547,0.40413037,0.35681322,0.38836434,0.24760407,0.3473751,0.28525946,0.50460887,0.45466676,0.34179908,0.45907634,0.38096732,,,,,,,False,False,False,False,0,False
12/21/2016,3284,99.9,69.44,0.26,0.32,30.56,-73.31485932946741,3.801137884380127,5,0.48247755,0.43416926,0.32119894,0.44469747,0.37394086,0.36675757,0.38638747,0.2594171,0.35994282,0.2927239,0.5084929,0.4562265,0.34186918,0.4600854,0.38447186,,,,,True,True,False,False,False,False,0,False
12/21/2016,3285,99.9,35.13,1.49,1.22,64.87,-73.31722265399588,3.8013395126707055,5,0.5959102,0.48725933,0.36246184,0.52861214,0.4461643,0.36309257,0.38410768,0.23957247,0.35775796,0.28884777,0.5445991,0.47489744,0.3487262,0.49313104,0.40589988,,,,,,,False,False,False,False,0,False
12/21/2016,3286,99.89,18.1,2.43,1.97,81.9,-73.31865760807318,3.8037636811381983,5,0.55256486,0.4766867,0.3669372,0.5176104,0.41872332,0.41732538,0.40424725,0.30325687,0.39965507,0.32862368,0.6046378,0.4957344,0.38960862,0.5377051,0.4386139,,,,,,,False,False,False,False,0,False
12/21/2016,3287,99.9,25.8,1.76,1.45,74.2,-73.31742205966884,3.802228976495653,5,0.6044494,0.4884295,0.36188424,0.5327636,0.45040968,0.38730928,0.3954497,0.25618643,0.3746856,0.30275074,0.5137624,0.46311393,0.339482,0.47014326,0.387091,,,,,,,False,False,False,False,0,False
12/21/2016,3288,99.9,15.14,2.79,2.23,84.86,-73.31676615703111,3.803484582351589,5,0.6835647,0.5450971,0.45374808,0.60298246,0.49900687,0.5270436,0.4785984,0.36345044,0.49847555,0.40280595,0.6748943,0.5318015,0.4482684,0.5882141,0.48465577,,,,,,,False,False,False,False,0,False
5/30/2017,3430,99.89,13.78,2.57,2.15,86.22,-73.31685451203731,3.803610258577374,5,0.66198707,0.53841066,0.45235625,0.59595513,0.4944524,0.50424933,0.46504042,0.33738324,0.47882646,0.38532367,0.6618689,0.52807397,0.4405664,0.57763875,0.47448784,,,,,,,False,False,False,False,0,False
5/30/2017,3431,99.9,10.07,3.47,2.79,89.93,-73.32001184181276,3.802914032661111,5,0.6826142,0.53778803,0.41810003,0.60208136,0.5068594,0.64911497,0.5125564,0.40806645,0.5611338,0.47197732,0.6643105,0.5008865,0.40877584,0.57162064,0.47375956,,,,,,,False,False,False,False,0,False
5/30/2017,3432,99.89,15.54,2.51,2.04,84.46,-73.31711062936023,3.804055476061487,5,0.6975667,0.54410726,0.45744553,0.60885507,0.50611556,0.5511473,0.4836202,0.34730053,0.51456213,0.41525418,0.6373692,0.5125928,0.42097098,0.56644243,0.4610797,,,,,,,False,False,False,False,0,False
5/30/2017,3433,99.89,9.96,3.16,2.59,90.04,-73.3165105476841,3.803300978234499,5,0.67363,0.54142743,0.4539281,0.5991851,0.49582896,0.52902615,0.47488338,0.3559316,0.5008148,0.40273145,0.66156304,0.523489,0.43714872,0.5807789,0.47523972,,,,,,,False,False,False,False,0,False
5/30/2017,3434,99.89,11.95,2.73,2.35,88.05,-73.31458858672488,3.801477518638921,5,0.5334149,0.45882273,0.3349331,0.47381872,0.4009705,0.39102823,0.3975984,0.2767694,0.3810202,0.3075332,0.57773864,0.49405465,0.37771884,0.508502,0.4237591,,,,,,,False,False,False,False,0,False
5/30/2017,3435,99.99,6.55,3.76,3.17,93.45,-73.31651390630883,3.80306366747768,5,0.66385376,0.5376478,0.44899955,0.59179384,0.48802876,0.5260343,0.47657138,0.35750568,0.49873322,0.40146986,0.6670702,0.51584536,0.43273044,0.58031535,0.472944,,,,,,,False,False,False,False,0,False
5/30/2017,3436,99.89,7.43,3.95,3.23,92.57,-73.31765499407526,3.8029118848532826,5,0.5885695,0.4836448,0.35765803,0.5225671,0.43962672,0.45423067,0.42962065,0.2950743,0.43648368,0.34816298,0.63537794,0.51422817,0.39444375,0.55329156,0.45765585,,,,,,,False,False,False,False,0,False
5/30/2017,3437,99.89,14.52,2.65,2.18,85.48,-73.31905432557154,3.803475161190674,5,0.7200369,0.55279416,0.448435,0.62469435,0.5261768,0.5931846,0.49733245,0.39512524,0.53467625,0.4410535,0.6089688,0.48711658,0.39400998,0.54648346,0.44098032,,,,,,,False,False,False,False,0,False
5/30/2017,3438,99.89,8.18,3.42,2.84,91.82,-73.31883022267284,3.80211327047582,5,0.5658795,0.46683437,0.3233946,0.5038852,0.42501262,0.3594105,0.37982127,0.23171122,0.35445046,0.2844892,0.5259157,0.45565262,0.31847444,0.47512785,0.39125186,,,,,,,False,False,False,False,0,False
5/30/2017,3439,99.88,20.33,1.92,1.71,79.67,-73.31601155686397,3.801706118764915,5,0.61728346,0.4900512,0.36628783,0.541481,0.46090555,0.34991977,0.3686688,0.22748786,0.342592,0.27763435,0.4369434,0.4111949,0.28646335,0.4031946,0.33180007,,,,,,,False,False,True,False,1,False
5/30/2017,3440,99.89,9.69,3.03,2.63,90.31,-73.31832578903573,3.803626788546195,5,0.7499628,0.5686266,0.4696896,0.6336624,0.5444046,0.63317597,0.51413065,0.4077738,0.55842364,0.46922508,0.6617263,0.515371,0.41495064,0.57066894,0.47016543,,,,,,,False,False,False,False,0,False
5/30/2017,3441,99.89,12.45,2.81,2.38,87.55,-73.31991173888245,3.802378926363697,5,0.5917015,0.4803241,0.35353595,0.51996064,0.44033465,0.3918809,0.40355796,0.2587188,0.38046837,0.31063324,0.6129496,0.49722046,0.3766279,0.5397536,0.4482651,,,,,,,False,False,False,False,0,False
5/30/2017,3442,99.88,16.72,2.42,1.96,83.28,-73.31495665241466,3.803421384187378,5,0.6369874,0.5255367,0.43322146,0.5766616,0.47239596,0.5701835,0.4926941,0.3920888,0.5249046,0.42356744,0.65365916,0.51633894,0.42556876,0.57137793,0.468033,,,,,,,False,False,False,False,0,False
5/30/2017,3443,99.89,10.82,3.03,2.5,89.18,-73.31506497677135,3.801703490553407,5,0.6096028,0.48129597,0.36541864,0.533397,0.45055965,0.40799278,0.40967837,0.29045036,0.3945977,0.32187906,0.5485166,0.4807362,0.36594918,0.49273816,0.40843955,,,,,,,False,False,False,False,0,False
5/30/2017,3444,99.9,12.94,2.6,2.24,87.06,-73.31606559600019,3.8044219135431545,5,0.6845165,0.5425884,0.4444732,0.60484177,0.5022501,0.5910509,0.49539992,0.37774944,0.53498477,0.44374105,0.63651574,0.5082726,0.40993047,0.5658501,0.4636765,,,,,,,False,False,False,False,0,False
5/30/2017,3445,99.88,7.52,3.63,3.04,92.48,-73.31968720563681,3.802782462378366,5,0.6180579,0.49482197,0.382334,0.54224575,0.45742926,0.4599924,0.4400556,0.3285481,0.44566292,0.36210474,0.6742639,0.5319681,0.43468904,0.5782926,0.48588756,,,,,,,False,False,False,False,0,False
5/30/2017,3446,99.89,12.59,2.76,2.31,87.41,-73.31861109628782,3.803001815311304,5,0.58359003,0.4892717,0.37601015,0.52494127,0.4391503,0.43718168,0.41719893,0.305721,0.41443443,0.3364485,0.6104691,0.5074593,0.4027254,0.5450162,0.4484764,,,,,,,False,False,False,False,0,False
5/30/2017,3447,99.89,14.84,2.52,2.13,85.16,-73.31571262523865,3.801296369986545,5,0.5768948,0.46857426,0.34322202,0.5075047,0.43048564,0.3236629,0.36306602,0.22380643,0.3202422,0.259242,0.5402698,0.45804876,0.34707057,0.48418656,0.40109488,,,,,,,False,False,False,False,0,False
5/30/2017,3448,99.89,7.42,3.55,3.11,92.58,-73.31625535449703,3.801553044165808,5,0.59740126,0.48462406,0.36364865,0.5239891,0.4465859,0.33531994,0.36215386,0.22860533,0.32346302,0.26595396,0.47889996,0.44363865,0.31959984,0.43373424,0.3608983,,,,,,,False,False,False,False,0,False
5/30/2017,3449,99.9,17.4,2.28,1.94,82.6,-73.31487620237561,3.80082329243863,5,0.52609295,0.43787003,0.30904135,0.46895912,0.39367938,0.35438564,0.37112233,0.23542659,0.34522504,0.28194332,0.49042732,0.4436466,0.31927478,0.44341654,0.3764158,,,,,,,False,False,False,False,0,False
5/30/2017,3450,99.9,15.15,2.66,2.2,84.85,-73.31762667192383,3.801607010090269,5,0.54166627,0.45896965,0.33660814,0.48209116,0.41019565,0.31727275,0.36528155,0.22551122,0.31173205,0.25733256,0.48527676,0.43683958,0.32412878,0.44372147,0.3658136,,,,,,,False,False,False,False,0,False
7/11/2017,3451,99.89,6.14,4.18,3.53,93.86,-73.31623663679808,3.801544421401936,5,0.59740126,0.48462406,0.36364865,0.5239891,0.4465859,0.33531994,0.36215386,0.22860533,0.32346302,0.26595396,0.47889996,0.44363865,0.31959984,0.43373424,0.3608983,,,,,,,False,False,False,False,0,False
7/11/2017,3452,99.89,15.34,2.74,2.18,84.66,-73.31555887783595,3.8027759028977015,5,0.51589537,0.46697256,0.34171095,0.476678,0.3985563,0.41602266,0.40578365,0.2851401,0.39284405,0.32179046,0.5609704,0.46957898,0.34371856,0.4934236,0.40705362,,,,,,,False,False,False,False,0,False
7/11/2017,3453,99.89,14.94,2.52,2.1,85.06,-73.31449978818745,3.802750016692992,5,0.5985911,0.48224917,0.36257663,0.5373225,0.44621468,0.46248975,0.42775926,0.31262252,0.4366843,0.35342205,0.5877578,0.48821583,0.37936854,0.51945305,0.42868128,,,,,,,False,False,False,False,0,False
7/11/2017,3454,99.9,20.96,2.25,1.85,79.04,-73.31495111886683,3.802906942681118,5,0.4666422,0.41875136,0.29767627,0.43406332,0.36000666,0.4186262,0.4090585,0.28642532,0.40076137,0.3286641,0.50152105,0.45750555,0.34788308,0.45899057,0.3795733,,,,,,,False,False,False,True,1,False
7/11/2017,3455,99.89,14.3,2.85,2.41,85.7,-73.31520155918294,3.804089406614869,5,0.6769829,0.5419814,0.45181355,0.60214233,0.500886,0.6078321,0.5063091,0.40595767,0.5455791,0.4480218,0.6227378,0.50626945,0.411248,0.5557123,0.45103782,,,,,,,False,False,False,False,0,False
7/11/2017,3456,99.89,18.98,2.57,2.01,81.02,-73.3145323615858,3.8013239100420138,5,0.540459,0.45981726,0.34716412,0.47759482,0.40882057,0.46126404,0.43216807,0.30740383,0.4314065,0.35030723,0.560835,0.48413154,0.368697,0.49906138,0.41200116,,,,,,,False,False,False,False,0,False
7/11/2017,3457,99.88,17.4,2.5,1.94,82.6,-73.3153057515562,3.804189005219421,5,0.70957667,0.5491105,0.4666082,0.6163972,0.5189112,0.6214576,0.5188513,0.41628924,0.55411303,0.45721868,0.615597,0.49140805,0.40414667,0.5469603,0.4430823,,,,,,,False,False,False,False,0,False
7/11/2017,3458,99.89,10.62,2.95,2.63,89.38,-73.31773862576978,3.803069108137712,5,0.62130356,0.49780756,0.38387078,0.54696757,0.46162632,0.45726928,0.43396148,0.30529404,0.43293145,0.3495689,0.61701506,0.5098621,0.40414637,0.5428757,0.44781724,,,,,,,False,False,False,False,0,False
7/11/2017,3459,99.89,18.55,2.07,1.82,81.45,-73.3151061979864,3.804177450204643,5,0.6837537,0.53392994,0.44601333,0.60053337,0.50010544,0.5730765,0.4868345,0.3864617,0.5265009,0.42811227,0.6009346,0.48936087,0.40001345,0.5442082,0.4411925,,,,,,,False,False,False,False,0,False
7/11/2017,3460,99.89,11.06,3.38,2.72,88.94,-73.32022261416684,3.80356175555972,5,0.71158856,0.5431336,0.44558454,0.6094046,0.5122348,0.3707195,0.39373776,0.2725472,0.37002105,0.29771817,0.6832257,0.5309511,0.4412379,0.5879286,0.48882294,,,,,,,True,True,True,True,4,True
7/11/2017,3461,99.89,14.57,2.35,2.09,85.43,-73.31516176734367,3.8041036944973152,5,0.6769829,0.5419814,0.45181355,0.60214233,0.500886,0.6078321,0.5063091,0.40595767,0.5455791,0.4480218,0.6227378,0.50626945,0.411248,0.5557123,0.45103782,,,,,,,False,False,False,False,0,False
7/11/2017,3462,99.89,26.87,1.66,1.41,73.13,-73.31510634382236,3.80156503830642,5,0.54120415,0.45982563,0.33481228,0.4792059,0.40621766,0.417174,0.4151205,0.2765765,0.398167,0.32415396,0.5334124,0.47101852,0.34914306,0.47989196,0.39908162,,,,,,,False,False,False,False,0,False
7/11/2017,3463,99.89,8.96,3.43,2.9,91.04,-73.31525850345457,3.8008904385183855,5,0.5673294,0.46008,0.3365439,0.50351804,0.42682678,0.33938268,0.37334242,0.22936176,0.33452532,0.2705529,0.53043246,0.46549645,0.33871174,0.47403383,0.3953091,,,,,,,False,False,False,False,0,False
7/11/2017,3464,99.9,21.83,1.99,1.7,78.17,-73.31738759243017,3.801728195043265,5,0.55537397,0.45693636,0.3396201,0.49102482,0.4159114,0.36293426,0.38899496,0.25366506,0.349397,0.2890248,0.48342913,0.44737217,0.3333328,0.4432003,0.3667507,,,,,,,False,False,False,False,0,False
7/11/2017,3465,99.89,18.62,2.28,1.88,81.38,-73.31520661584383,3.801398374619753,5,0.5062282,0.43682352,0.31532297,0.45967132,0.3857522,0.34314057,0.3810212,0.24767348,0.3420813,0.27771038,0.51039875,0.46212292,0.34721386,0.45826387,0.38357967,,,,,,,False,False,False,False,0,False
7/11/2017,3466,99.9,23.14,1.75,1.61,76.86,-73.3140899430372,3.801617401619572,5,0.63559586,0.49112356,0.37839034,0.537522,0.46440268,0.36248058,0.3801163,0.26791456,0.3490243,0.2898441,0.49811098,0.4513489,0.3444298,0.43915272,0.37640688,,,,,,,False,False,False,False,0,False
7/11/2017,3467,99.9,12.53,2.89,2.46,87.47,-73.31620820070287,3.8021298157700194,5,0.55922455,0.46102375,0.3499053,0.4967397,0.41787055,0.4019835,0.40194643,0.26691565,0.38200447,0.31468204,0.5235954,0.46155068,0.34461826,0.47275123,0.39047712,,,,,,,False,False,False,False,0,False
7/11/2017,3468,99.9,20.91,2.1,1.81,79.09,-73.31426994506036,3.800921238292372,5,0.6849859,0.5121801,0.40469927,0.5755343,0.4967641,0.4289617,0.42072877,0.28721103,0.4107936,0.33190066,0.5657836,0.48481795,0.35895514,0.49950457,0.4182134,,,,,,,False,True,True,False,2,True
7/11/2017,3469,99.89,11.02,3.18,2.59,88.98,-73.31406708468378,3.8011899817063473,5,0.5982734,0.48161578,0.36764547,0.52113473,0.44625795,0.4500849,0.42775926,0.28955418,0.43310094,0.3509011,0.5589225,0.48752755,0.35503387,0.49552113,0.41698498,,,,,,,False,False,False,False,0,False
7/11/2017,3470,99.88,11.82,2.91,2.48,88.18,-73.31411829077807,3.801559345389925,5,0.5852463,0.46448347,0.3596133,0.5074965,0.4361447,0.3733284,0.3946033,0.26942834,0.360271,0.29795605,0.47086376,0.45362863,0.34415555,0.43331712,0.3717512,,,,,,,False,False,False,False,0,False
7/11/2017,3471,99.89,16.62,2.44,2.1,83.38,-73.31967830987526,3.802278096620049,5,0.60769963,0.488058,0.37597826,0.53336406,0.45466277,0.33549958,0.371449,0.2482789,0.33070806,0.26742414,0.55133957,0.47292814,0.36853608,0.49215186,0.41169152,,,,,,,False,False,False,False,0,False
7/11/2017,3472,99.89,11.13,3.25,2.59,88.87,-73.31564145707962,3.801764266823554,5,0.5466673,0.46369347,0.34009993,0.49609292,0.41754988,0.35289642,0.37441707,0.24196365,0.34290153,0.27994087,0.48412105,0.4423134,0.32541218,0.43965012,0.36533442,,,,,,,False,False,False,False,0,False
7/11/2017,3473,99.9,29.1,1.61,1.33,70.9,-73.31643781154644,3.802604788328548,5,0.6926354,0.54508495,0.44122317,0.6051854,0.51025337,0.6070028,0.5043296,0.38655147,0.5486959,0.4518983,0.50266725,0.43437752,0.32727653,0.4636195,0.37783948,,,,,,,True,True,True,True,4,True
7/11/2017,3474,99.89,22.67,1.98,1.64,77.33,-73.31787651091459,3.802881773151397,5,0.6059648,0.48469064,0.36824062,0.52885926,0.44634336,0.46568403,0.42826244,0.321659,0.4433131,0.3561239,0.6260871,0.51293874,0.41690472,0.5504921,0.45501477,,,,,,,False,False,False,False,0,False
7/11/2017,3475,99.89,21.33,2.11,1.74,78.67,-73.3187258318199,3.803443679669981,5,0.7183838,0.5542141,0.45265222,0.61621255,0.52116436,0.5413463,0.4804652,0.3709792,0.5062753,0.4140284,0.6226959,0.5100663,0.4027152,0.5544031,0.45520112,,,,,,,False,False,False,False,0,False
7/11/2017,3476,99.88,22.65,2.22,1.78,77.35,-73.31687887863747,3.803488925205413,5,0.7077264,0.55442303,0.46789193,0.61374426,0.51340514,0.517293,0.47506574,0.36068448,0.4933516,0.39826167,0.6709978,0.52862763,0.44351378,0.58153856,0.4780759,,,,,,,False,False,False,False,0,False
7/11/2017,3477,99.89,9.6,3.33,2.82,90.4,-73.31555419636143,3.803281493658995,5,0.6495158,0.5308142,0.43755823,0.5851766,0.4818383,0.5532217,0.47943172,0.37287587,0.5173659,0.41544694,0.6504946,0.5095597,0.4194737,0.5748021,0.4693321,,,,,,,False,False,False,False,0,False
7/11/2017,3478,99.9,15.72,2.6,2.17,84.28,-73.31606006958226,3.801834496921302,5,0.53955764,0.46303922,0.34255826,0.4877961,0.4106215,0.35515222,0.37691823,0.23064467,0.34367228,0.27974653,0.42195597,0.4066831,0.29266158,0.39402106,0.32582188,,,,,,,False,False,True,False,1,False
8/17/2017,3508,99.91,30.14,1.63,1.37,69.86,-73.31569868127448,3.801707500983548,5,0.5614823,0.46190247,0.34241727,0.5003236,0.4216725,0.35519302,0.36696845,0.23073114,0.34355986,0.27820402,0.47688735,0.43473852,0.32427698,0.4318853,0.36080715,,,,,,,False,False,False,False,0,False
8/17/2017,3509,99.89,30.68,1.4,1.24,69.32,-73.31837065637637,3.8021668569970153,5,0.52959913,0.45558298,0.32637045,0.47476617,0.40166712,0.3385593,0.3700344,0.22803019,0.3371793,0.27176443,0.53343135,0.4778283,0.3357959,0.4854578,0.39920568,,,,,,,False,False,False,False,0,False
8/17/2017,3510,99.9,29.98,1.49,1.33,70.02,-73.31776451429447,3.801687663545001,5,0.50530756,0.44579786,0.3171052,0.46363562,0.39064792,0.34002405,0.36635712,0.23207898,0.33032557,0.27069983,0.5302283,0.46400735,0.3399962,0.48001286,0.39596176,,,,,,,False,False,False,False,0,False
8/17/2017,3511,99.88,35.98,1.27,1.08,64.02,-73.31955537525934,3.802218090276529,5,0.59504837,0.4873057,0.36512366,0.521456,0.44383195,0.39515546,0.39030635,0.24888057,0.3839065,0.3065984,0.5712327,0.4792345,0.36684662,0.50301325,0.41842648,,,,,,,False,False,False,False,0,False
8/17/2017,3512,99.88,29.37,1.54,1.32,70.63,-73.31842491214834,3.8027599923313007,5,0.5610107,0.46727076,0.3456911,0.49661127,0.415365,0.47076067,0.44624156,0.3202572,0.4514608,0.3637602,0.645718,0.5148231,0.4225634,0.56189734,0.4657339,,,,,,,False,False,False,True,1,False
8/17/2017,3513,99.89,23.77,2.01,1.58,76.23,-73.31758558114566,3.802896211040192,5,0.5885695,0.4836448,0.35765803,0.5225671,0.43962672,0.45423067,0.42962065,0.2950743,0.43648368,0.34816298,0.63537794,0.51422817,0.39444375,0.55329156,0.45765585,,,,,,,False,False,False,False,0,False
8/17/2017,3514,99.88,7.74,3.34,2.79,92.26,-73.31612211907428,3.8024074161613854,5,0.5922397,0.48445767,0.37843767,0.5202564,0.4400956,0.39752266,0.39551368,0.26349676,0.3764038,0.30689946,0.55784756,0.4760935,0.35706493,0.4924247,0.4068144,,,,,,,False,False,False,False,0,False
8/17/2017,3515,99.9,39.01,1.08,0.94,60.99,-73.31750569814979,3.8013393175796177,5,0.54096407,0.46297407,0.32429826,0.48448136,0.40717593,0.31198606,0.34630567,0.20406856,0.30492437,0.24917907,0.50414026,0.45530647,0.3073382,0.4639963,0.37826064,,,,,,,False,False,False,False,0,False
8/17/2017,3516,99.89,22.76,1.93,1.6,77.24,-73.31520219415607,3.8011522523389822,5,0.54865694,0.45305017,0.33349,0.49414748,0.41613463,0.34824547,0.37106377,0.23188274,0.34485227,0.27560955,0.5333154,0.47325855,0.34580246,0.48047918,0.39813673,,,,,,,False,False,False,False,0,False
8/17/2017,3517,99.89,36.83,1.04,0.94,63.17,-73.31983198104636,3.802621913447048,5,0.58591175,0.48837134,0.3700973,0.5220946,0.44173738,0.4714563,0.4429885,0.32944506,0.44424945,0.36292464,0.67788064,0.5348605,0.4367316,0.57967573,0.48520476,,,,,,,False,False,False,True,1,False
8/17/2017,3518,99.9,23.14,1.63,1.52,76.86,-73.3162637980632,3.801855699428793,5,0.56979704,0.47368345,0.3531311,0.50401974,0.42630476,0.35430622,0.3693559,0.23721734,0.33982548,0.27819633,0.4931783,0.44102666,0.32067275,0.44102666,0.36547136,,,,,,,False,False,False,False,0,False
8/17/2017,3519,99.9,20.4,2.21,1.85,79.6,-73.3150563885218,3.803623701162999,5,0.6053732,0.5169652,0.43376428,0.5557821,0.45872805,0.5609092,0.48500437,0.39495,0.51930785,0.42261636,0.6603993,0.52017325,0.43279746,0.57720935,0.47277468,,,,,,,False,False,False,True,1,False
8/17/2017,3520,99.9,22.17,1.91,1.57,77.83,-73.31600436089026,3.801385815103325,5,0.575405,0.46069762,0.3398586,0.5101773,0.4334803,0.34577066,0.36761975,0.2192933,0.33521864,0.2724925,0.47999075,0.44315785,0.30814943,0.4387505,0.36296484,,,,,,,False,False,False,False,0,False
8/17/2017,3521,99.89,19.11,2.28,1.85,80.89,-73.31879014599221,3.802450551054776,5,0.58364224,0.48386,0.35689807,0.5158428,0.4362762,0.39870656,0.3937138,0.27820927,0.39862797,0.30964053,0.64525956,0.5214,0.4162785,0.56087726,0.46785966,,,,,,,False,False,False,False,0,False
8/17/2017,3522,99.89,29.24,1.25,1.17,70.76,-73.31485254676844,3.800740533873327,5,0.47350228,0.41697827,0.28405136,0.43450937,0.36369646,0.2925242,0.33135486,0.19070044,0.29136637,0.23509733,0.4109538,0.40844056,0.27012485,0.38583657,0.3225584,,,,,,,True,False,False,False,1,False
8/17/2017,3523,99.9,15.72,2.51,2.1,84.28,-73.31768613517134,3.803107804287602,5,0.62130356,0.49780756,0.38387078,0.54696757,0.46162632,0.45726928,0.43396148,0.30529404,0.43293145,0.3495689,0.61701506,0.5098621,0.40414637,0.5428757,0.44781724,,,,,,,False,False,False,False,0,False
8/17/2017,3524,99.88,25.61,1.9,1.53,74.39,-73.31911827521274,3.803390841360719,5,0.7487873,0.5721145,0.46873397,0.63832676,0.5457908,0.59217876,0.49203035,0.38352484,0.53203243,0.43535152,0.67962843,0.5284703,0.431157,0.5810961,0.4817834,,,,,,,False,False,False,False,0,False
8/17/2017,3525,99.9,24.37,1.65,1.5,75.63,-73.31716578622581,3.801468036127316,5,0.5061206,0.43677148,0.30974695,0.46243665,0.38515642,0.2938131,0.33950323,0.19699724,0.29468542,0.23831324,0.48446962,0.4466464,0.3093571,0.44465408,0.36559823,,,,,,,False,False,False,False,0,False
8/17/2017,3526,99.89,14.23,3.07,2.43,85.77,-73.3154955166223,3.803704070141219,5,0.6381097,0.52164376,0.43319222,0.5761762,0.4725914,0.56065637,0.48498675,0.3863,0.52153355,0.41969118,0.6126398,0.4891767,0.39998105,0.54564965,0.44041076,,,,,,,False,False,False,False,0,False
8/17/2017,3527,99.88,34.0,1.3,1.11,66.0,-73.31969012635213,3.802238067108565,5,0.61279076,0.4885138,0.3713192,0.5350592,0.4559046,0.30982575,0.34247527,0.22353198,0.30876184,0.24864486,0.5178286,0.46131164,0.35516962,0.46131164,0.3878074,,,,,,,False,False,False,False,0,False
8/17/2017,3528,99.89,28.68,1.74,1.44,71.32,-73.31741259830086,3.803837410592152,5,0.7166322,0.5572318,0.46047008,0.6212136,0.5216339,0.50099635,0.46775833,0.31709555,0.4777609,0.38597685,0.6527569,0.52202845,0.4159285,0.56889623,0.4678878,,,,,,,False,False,False,True,1,False
8/17/2017,3529,99.89,19.08,2.41,1.96,80.92,-73.31458117486768,3.8030350649565454,5,0.4902315,0.432795,0.31738305,0.4607734,0.37965173,0.34695116,0.3629142,0.25799626,0.3368713,0.27375245,0.5252128,0.46847373,0.35905826,0.47950733,0.3956018,,,,,,,False,False,False,False,0,False
8/17/2017,3530,99.9,27.53,1.57,1.34,72.47,-73.31570180782583,3.802576544095013,5,0.598314,0.4814807,0.36045757,0.5217735,0.44013005,0.42463124,0.4153625,0.28440288,0.4002744,0.32927704,0.54824185,0.48153087,0.34448045,0.49164027,0.40578705,,,,,,,False,False,False,False,0,False
8/17/2017,3531,99.89,26.49,1.54,1.42,73.51,-73.31497732536637,3.802759714931878,5,0.5434858,0.4664075,0.3437041,0.4914578,0.41209218,0.4301744,0.41441047,0.3000954,0.40945637,0.33420026,0.6002322,0.49699712,0.3835432,0.52652967,0.435146,,,,,,,False,False,False,False,0,False
8/17/2017,3532,99.9,25.41,1.79,1.51,74.59,-73.3172940422763,3.801532674190791,5,0.58340997,0.47101605,0.3486518,0.51517045,0.43320078,0.3426255,0.3614054,0.22301339,0.3378907,0.27259412,0.5423802,0.47629482,0.34879288,0.48461974,0.39970428,,,,,,,False,False,False,False,0,False
8/17/2017,3533,99.89,19.94,2.13,1.84,80.06,-73.31877454132588,3.803141366602124,5,0.5567792,0.4819152,0.35984397,0.5127216,0.4277198,0.56397,0.49204245,0.36893347,0.505942,0.42815492,0.618989,0.48558012,0.37823257,0.54427207,0.44625843,,,,,,,False,False,False,False,0,False
8/17/2017,3534,99.89,30.54,1.36,1.21,69.46,-73.31539885486436,3.8026467696283697,5,0.5406982,0.4669696,0.34469268,0.48877066,0.408947,0.40434915,0.39918497,0.2803365,0.38423753,0.31361654,0.5468716,0.46453944,0.35535416,0.48878837,0.40156263,,,,,,,False,False,False,False,0,False
8/17/2017,3535,99.89,16.12,2.38,2.05,83.88,-73.31630410796382,3.801598157212547,5,0.59740126,0.48462406,0.36364865,0.5239891,0.4465859,0.33531994,0.36215386,0.22860533,0.32346302,0.26595396,0.47889996,0.44363865,0.31959984,0.43373424,0.3608983,,,,,,,False,False,False,False,0,False
